temperature_2m,relative_humidity_2m,precipitation,surface_pressure,wind_speed_10m,wind_direction_10m,hour,day,month,day_of_week,is_weekend,pm2_5_lag_1h,pm2_5_lag_2h,pm2_5_lag_6h,pm2_5_lag_24h,pm10_lag_1h,pm10_lag_2h,pm10_lag_6h,pm10_lag_24h,nitrogen_dioxide_lag_1h,nitrogen_dioxide_lag_2h,nitrogen_dioxide_lag_6h,nitrogen_dioxide_lag_24h,sulphur_dioxide_lag_1h,sulphur_dioxide_lag_2h,sulphur_dioxide_lag_6h,sulphur_dioxide_lag_24h,carbon_monoxide_lag_1h,carbon_monoxide_lag_2h,carbon_monoxide_lag_6h,carbon_monoxide_lag_24h,pm2_5_roll_mean_6h,pm2_5_roll_std_6h,pm2_5_roll_mean_24h,pm2_5_roll_std_24h,pm10_roll_mean_6h,pm10_roll_std_6h,pm10_roll_mean_24h,pm10_roll_std_24h,nitrogen_dioxide_roll_mean_6h,nitrogen_dioxide_roll_std_6h,nitrogen_dioxide_roll_mean_24h,nitrogen_dioxide_roll_std_24h,sulphur_dioxide_roll_mean_6h,sulphur_dioxide_roll_std_6h,sulphur_dioxide_roll_mean_24h,sulphur_dioxide_roll_std_24h,carbon_monoxide_roll_mean_6h,carbon_monoxide_roll_std_6h,carbon_monoxide_roll_mean_24h,carbon_monoxide_roll_std_24h
29.3,79,0.0,1000.5648,11.886816,237,20,1,6,0,0,25.1,25.4,32.0,21.1,51.9,52.5,73.6,41.4,16.2,15.7,10.6,8.6,6.7,6.6,6.0,5.2,183.0,202.0,224.0,133.0,28.73333333333333,2.897355115733357,25.69583333333333,4.54575570477958,61.81666666666667,8.921752443699921,56.84583333333333,12.486513739323732,14.033333333333331,2.0963460274169115,8.225,3.986526220200718,6.3500000000000005,0.2738612787525589,6.016666666666667,0.6994822101517891,206.33333333333331,13.544986772480105,203.0,49.549272797717215
29.3,78,0.1,1002.4578,2.1068459,199,21,1,6,0,0,25.2,25.1,31.1,20.1,49.6,51.9,69.8,39.1,16.5,16.2,12.7,8.0,6.8,6.7,6.1,5.0,158.0,183.0,212.0,124.0,27.6,2.686261342460864,25.86666666666667,4.44137333506756,57.81666666666666,7.904281540194886,57.1875,12.153235836778178,15.016666666666666,1.4469508169480585,8.554166666666665,4.330175131177337,6.483333333333333,0.2639444385976938,6.083333333333333,0.6944917858259384,195.33333333333331,21.049148834730985,204.04166666666663,48.25969527883271
29.35,78,0.0,1002.0599,3.6,180,22,1,6,0,0,24.8,25.2,29.9,20.1,46.7,49.6,63.8,39.8,16.2,16.5,14.0,7.8,6.9,6.8,6.3,5.0,143.0,158.0,209.0,117.0,26.55,2.238526300939903,26.0625,4.276611061800326,53.96666666666666,6.378610088935188,57.50416666666666,11.753906997681517,15.6,0.9444575162493972,8.895833333333332,4.599667205983178,6.616666666666666,0.231660671385218,6.1625000000000005,0.6736096792653671,183.83333333333331,27.866945772126737,204.83333333333331,47.02974698474644
29.15,80,0.0,1002.15704,4.6277857,193,23,1,6,0,0,24.6,24.8,28.9,19.4,47.0,46.7,59.3,38.5,15.1,16.2,15.0,7.8,6.9,6.9,6.4,5.1,142.0,143.0,208.0,115.0,25.666666666666668,1.6095548038716776,26.25,4.098780306383823,51.16666666666666,4.652597840633327,57.80416666666667,11.367936571078303,15.783333333333331,0.6242328625334019,9.2,4.762534947948916,6.716666666666666,0.1940790217067486,6.241666666666667,0.6419512826339339,172.66666666666666,29.159332411196385,205.875,45.24264292822013
28.9,81,0.0,1002.5524,7.9932966,144,0,2,6,1,0,24.0,24.6,25.4,18.9,46.6,47.0,52.5,40.9,13.5,15.1,15.7,5.9,6.8,6.9,6.6,5.0,150.0,142.0,202.0,130.0,24.850000000000005,0.504975246917875,26.441666666666663,3.865445209373239,49.05,2.685330519693866,58.14166666666667,10.879654592769596,15.533333333333331,1.111155554666694,9.4375,4.831312046117134,6.783333333333334,0.1169045194449205,6.3125,0.6031169040907329,163.0,24.31460466468616,207.33333333333331,42.677421651741945
28.75,82,0.0,1003.04865,6.037383,153,1,2,6,1,0,24.2,24.0,25.1,19.4,42.0,46.6,51.9,40.4,21.1,13.5,16.2,7.0,9.6,6.8,6.7,5.6,171.0,150.0,183.0,183.0,24.65,0.4806245936276864,26.662500000000005,3.5547656316066782,47.3,3.3310658954754118,58.1875,10.805928827550574,16.433333333333334,2.54060360282092,10.070833333333333,5.319077982104621,7.283333333333334,1.137394683769289,6.504166666666666,0.8487736251007428,157.83333333333334,16.36357744097063,209.04166666666663,40.19569430398862
29.45,79,0.0,1003.3563,6.7853074,158,2,2,6,1,0,25.6,24.2,25.2,23.3,49.5,42.0,49.6,55.5,17.9,21.1,16.5,8.5,9.4,9.6,6.8,6.5,217.0,171.0,158.0,253.0,24.73333333333333,0.6022181221670782,26.92083333333333,3.2128788616612973,46.900000000000006,2.7640549922169466,58.56666666666667,10.30258163790992,16.716666666666665,2.6033952190680987,10.525,5.507485025340318,7.733333333333333,1.3706446172026634,6.6625000000000005,1.011590439551152,163.5,28.331960751066603,210.45833333333331,39.83550870295472
30.95,71,0.0,1003.27496,10.137692,196,3,2,6,1,0,26.2,25.6,24.8,24.3,57.5,49.5,46.7,59.4,13.5,17.9,16.2,9.1,9.1,9.4,6.9,7.1,275.0,217.0,143.0,296.0,24.9,0.8461678320521097,27.041666666666668,3.1240882727976387,48.21666666666667,5.154965243982352,58.650000000000006,10.284771350843538,16.216666666666665,2.921928586852636,10.733333333333333,5.522103149019023,8.116666666666667,1.3790093062291604,6.770833333333333,1.1261628450731167,183.0,53.16765934287484,211.375,41.09036965349499
31.9,66,0.0,1003.4859,10.944532,216,4,2,6,1,0,27.5,26.2,24.6,25.6,62.6,57.5,47.0,63.6,9.7,13.5,15.1,7.9,8.8,9.1,6.9,7.2,308.0,275.0,142.0,283.0,25.35,1.3501851724855176,27.175,3.069803845879042,50.86666666666667,7.685223917796146,58.78333333333333,10.315613605499802,15.133333333333333,3.95255191827592,10.758333333333333,5.515741636181074,8.433333333333334,1.2564500255348905,6.841666666666666,1.1988823297470432,210.5,68.73354348496808,211.875,42.22230247259082
33.15,60,0.0,1003.5009,9.449572,220,5,2,6,1,0,28.1,27.5,24.0,27.2,65.2,62.6,46.6,66.4,7.3,9.7,13.5,5.8,8.3,8.8,6.8,7.0,292.0,308.0,150.0,242.0,25.933333333333334,1.6776968339561202,27.27916666666667,3.05642291159005,53.9,9.2800862064961,58.85,10.353197363721776,13.833333333333334,5.08592829940284,10.733333333333333,5.5305999884175385,8.666666666666666,1.023067283548166,6.8875,1.2336980463489458,235.5,66.06284886379036,212.25,42.9157415124708
34.25,54,0.0,1003.016,8.574123,219,6,2,6,1,0,28.9,28.1,24.2,28.1,69.2,65.2,42.0,67.5,5.7,7.3,21.1,4.1,7.7,8.3,9.6,6.8,250.0,292.0,171.0,210.0,26.75,1.7398275776638576,27.35,3.0741559463710586,57.66666666666666,10.259369701237294,58.96666666666667,10.457228274662814,12.533333333333331,6.086597297888755,10.729166666666666,5.534514563109884,8.816666666666666,0.7139094246937919,6.916666666666667,1.2446989042812031,252.16666666666663,51.09761899214759,212.58333333333331,43.187072005471606
34.85,52,0.0,1002.4254,8.287822,214,7,2,6,1,0,29.6,28.9,25.6,27.9,72.6,69.2,49.5,65.2,4.5,5.7,17.9,3.4,7.3,7.7,9.4,6.5,222.0,250.0,217.0,201.0,27.65,1.5424007261407933,27.4125,3.1051587511051766,62.76666666666666,8.339944044576418,59.17916666666667,10.687456246202572,9.766666666666666,5.107902374425994,10.745833333333332,5.514248671015583,8.433333333333332,0.8189424074174129,6.9375,1.2468438415524934,260.6666666666667,37.26481808176025,213.08333333333331,43.22531129132416
35.95,49,0.0,1001.34265,8.037761,214,8,2,6,1,0,31.0,29.6,26.2,27.1,75.9,72.6,57.5,62.4,3.8,4.5,13.5,3.1,7.4,7.3,9.1,6.0,221.0,222.0,275.0,202.0,28.55,1.676603709884839,27.541666666666668,3.189645839228861,67.16666666666667,6.754159212416127,59.625,11.162174090865284,7.416666666666667,3.6542669123459968,10.7625,5.491638901647392,8.1,0.7509993342207216,6.9750000000000005,1.2466476786897716,261.3333333333333,36.35198298121693,213.91666666666663,43.17498940526703
36.25,50,0.0,1000.44934,9.12513,202,9,2,6,1,0,31.7,31.0,27.5,25.9,74.5,75.9,62.6,57.6,3.6,3.8,9.7,3.2,7.7,7.4,8.8,5.7,233.0,221.0,308.0,207.0,29.46666666666667,1.637884814834741,27.73333333333333,3.298308745358746,70.0,5.296413881108513,60.12916666666667,11.559166479904448,5.766666666666667,2.3661501783840277,10.783333333333331,5.462175603076178,7.866666666666666,0.5750362307425843,7.045833333333333,1.2371001037372251,254.33333333333331,37.22723017720608,215.20833333333331,43.2665943703198
35.55,53,0.0,999.843,10.196647,200,10,2,6,1,0,32.2,31.7,28.1,24.7,74.0,74.5,65.2,53.0,4.0,3.6,7.3,3.8,8.1,7.7,8.3,5.5,250.0,233.0,292.0,219.0,30.25,1.6330952207386855,27.995833333333334,3.3953266048530626,71.9,3.9959979979973625,60.8125,11.88335747095956,4.816666666666666,1.4302680401472918,10.816666666666665,5.416132638112106,7.75,0.3885871845544755,7.145833333333333,1.2204700329992793,244.66666666666663,26.485216001888272,217.0,43.79894777374165
35.0,54,0.0,999.7372,9.179999,208,11,2,6,1,0,32.5,32.2,28.9,23.2,73.1,74.0,69.2,47.4,4.9,4.0,5.7,4.8,8.4,8.1,7.7,5.4,275.0,250.0,250.0,236.0,30.98333333333333,1.452469162036211,28.320833333333336,3.4391580322826583,73.21666666666667,2.2798391756142764,61.65,12.01636565182096,4.416666666666667,0.7884584115010632,10.8625,5.35852125124087,7.766666666666667,0.4179314138308345,7.266666666666667,1.1937032865129718,241.83333333333331,20.68252080058612,219.33333333333331,45.37349031304951
33.9,59,0.0,999.32544,9.965239,200,12,2,6,1,0,32.1,32.5,29.6,34.7,71.9,73.1,72.6,79.2,6.3,4.9,4.5,6.3,8.7,8.4,7.3,5.8,304.0,275.0,222.0,245.0,31.516666666666666,1.0722251007443109,28.691666666666663,3.341428575854355,73.66666666666667,1.4403703227523053,62.67083333333334,11.79172440708972,4.516666666666667,0.9948199167019016,10.925,5.293084084957918,7.933333333333334,0.5609515724789764,7.404166666666668,1.1588897110246628,250.83333333333331,33.01767203584592,222.16666666666663,48.47649961056124
32.1,66,0.0,999.1046,11.811622,187,13,2,6,1,0,31.3,32.1,31.0,33.3,71.0,71.9,75.9,76.1,8.4,6.3,3.8,8.1,8.9,8.7,7.4,5.9,318.0,304.0,221.0,238.0,31.8,0.5727128425305896,28.55,3.141724810133524,73.4,1.7843766418553306,62.32916666666667,11.404403389334682,5.166666666666667,1.8704723111200472,11.012499999999998,5.230289085035692,8.2,0.5796550698475462,7.533333333333332,1.144995411673605,266.8333333333333,38.9739229057929,225.20833333333331,52.12441568156825
30.7,75,0.0,999.2869,10.814989,198,14,2,6,1,0,29.9,31.3,31.7,32.0,68.7,71.0,74.5,73.6,12.0,8.4,3.6,10.6,9.0,8.9,7.7,6.0,305.0,318.0,233.0,224.0,31.61666666666667,0.9389710680666064,28.40833333333333,2.9912795962912324,72.2,2.1503488089142357,62.020833333333336,11.112193818021584,6.533333333333334,3.197290519591041,11.175,5.196340685688262,8.466666666666667,0.5006662228137867,7.662499999999999,1.1274490251660203,280.8333333333333,33.984800524156306,228.0,54.57583475431617
30.25,77,0.0,1000.07837,8.723967,201,15,2,6,1,0,28.6,29.9,32.2,31.1,66.6,68.7,74.0,69.8,16.2,12.0,4.0,12.7,8.9,9.0,8.1,6.1,278.0,305.0,250.0,212.0,31.1,1.5427248620539888,28.266666666666666,2.892669395538296,70.88333333333333,2.785258815023389,61.72916666666666,10.884591389213774,8.633333333333333,4.679601122602943,11.408333333333331,5.2942065683543005,8.666666666666666,0.3502380143082984,7.783333333333332,1.0965030052761795,288.3333333333333,25.12900051069876,230.25,55.50891036973048
30.35,76,0.0,1001.47437,2.4014995,167,16,2,6,1,0,27.3,28.6,32.5,29.9,62.6,66.6,73.1,63.8,19.0,16.2,4.9,14.0,8.8,8.9,8.4,6.3,255.0,278.0,275.0,209.0,30.28333333333333,2.055642640797812,28.10833333333333,2.834249638703794,68.98333333333333,3.8994444048691617,61.42916666666667,10.750873742719044,11.133333333333333,5.621269133093229,11.670833333333334,5.512710937828865,8.783333333333333,0.2136976056642117,7.895833333333333,1.0539693777692714,289.1666666666667,23.642475899674693,232.04166666666663,55.58814322017471
30.25,76,0.0,1000.77576,8.187527,213,17,2,6,1,0,24.1,27.3,32.1,28.9,55.2,62.6,71.9,59.3,19.2,19.0,6.3,15.0,8.5,8.8,8.7,6.4,247.0,255.0,304.0,208.0,28.883333333333336,2.921928586852572,27.866666666666664,2.920790045989862,66.0,6.255557529109507,61.07083333333333,10.81156704109352,13.516666666666666,5.479568109501575,11.8875,5.706998944850241,8.8,0.1788854381998431,7.987500000000001,1.003607622963052,284.5,29.12559012277743,233.625,55.44430225166425
29.85,78,0.0,1000.57135,7.0107627,209,18,2,6,1,0,20.6,24.1,31.3,25.4,46.1,55.2,71.0,52.5,17.9,19.2,8.4,15.7,8.1,8.5,8.9,6.6,243.0,247.0,318.0,202.0,26.96666666666667,3.9727404479359527,27.52083333333333,3.264296870379723,61.7,9.443728077406636,60.520833333333336,11.233102446773636,15.45,4.355111938859894,12.008333333333333,5.805613225795899,8.700000000000001,0.3405877273184579,8.058333333333334,0.9449714358078424,274.3333333333333,31.506613062446,235.08333333333331,55.20075351302539
29.3,81,0.0,998.77155,15.602999,219,19,2,6,1,0,18.4,20.6,29.9,25.1,39.7,46.1,68.7,51.9,16.6,17.9,12.0,16.2,7.8,8.1,9.0,6.7,232.0,243.0,305.0,183.0,24.816666666666663,4.599746369819368,27.229166666666668,3.7400859286416175,56.48333333333333,11.663175668173093,59.98749999999999,11.913722905887251,16.816666666666666,2.6551208384302667,12.045833333333334,5.83333592132448,8.516666666666667,0.4792355023019719,8.108333333333334,0.8948726733168559,260.0,26.892378102354947,236.33333333333331,54.75690678425597
29.45,78,0.0,1000.3675,4.7521367,335,20,2,6,1,0,17.5,18.4,28.6,25.2,38.5,39.7,66.6,49.6,15.5,16.6,16.2,16.5,7.5,7.8,8.9,6.8,201.0,232.0,278.0,158.0,22.75,4.644459064304462,26.9125,4.219242926114241,51.45,11.851539984322626,59.42916666666667,12.603259729018646,17.4,1.5323185047502268,12.016666666666666,5.813377875111905,8.266666666666667,0.5609515724789702,8.141666666666667,0.8541034794585309,242.66666666666663,25.570816699250724,237.08333333333331,54.11414398944265
29.35,79,0.0,999.76843,5.2694216,277,21,2,6,1,0,16.8,17.5,27.3,24.8,36.9,38.5,62.6,46.7,14.4,15.5,19.0,16.2,7.2,7.5,8.8,6.9,163.0,201.0,255.0,143.0,20.78333333333333,4.143146952096512,26.5625,4.689656750209172,46.5,10.367834875228182,58.9,13.282220872442586,17.099999999999998,1.9370080020485132,11.929166666666664,5.758508198020273,7.983333333333334,0.6047037842337649,8.158333333333333,0.8303570037177799,223.5,35.10982768399763,237.29166666666663,53.80518737450679
28.95,82,0.0,999.2653,1.659518,167,22,2,6,1,0,16.6,16.8,24.1,24.6,37.1,36.9,55.2,47.0,13.7,14.4,19.2,15.1,7.2,7.2,8.5,6.9,146.0,163.0,247.0,142.0,19.0,2.890674661735563,26.22083333333333,5.104046064827776,42.25,7.1865847243316905,58.5,13.800063011828476,16.216666666666665,2.0989680003913,11.824999999999998,5.700209759679713,7.716666666666666,0.5192943930629732,8.170833333333333,0.8126602406089813,205.33333333333331,42.889004029782114,237.41666666666663,53.57961704154695
28.75,83,0.0,999.7609,1.5379207,290,23,2,6,1,0,16.8,16.6,20.6,24.0,37.4,37.1,46.1,46.6,13.8,13.7,17.9,13.5,7.6,7.2,8.1,6.8,167.0,146.0,243.0,150.0,17.783333333333335,1.5315569420255712,25.89583333333333,5.448452446151188,39.28333333333333,3.499952380628078,58.1,14.278716298408495,15.316666666666668,1.679781731852881,11.770833333333334,5.673851476705234,7.566666666666666,0.3502380143083347,8.200000000000001,0.7768386324517762,192.0,39.65854258542533,238.45833333333331,51.85932406765065
27.95,80,0.0,1000.4486,3.4576871,218,0,3,6,2,0,22.9,24.0,29.3,24.2,51.9,55.3,68.0,42.0,15.6,15.6,16.3,21.1,7.3,7.3,7.2,9.6,183.0,156.0,231.0,171.0,26.13333333333333,2.472785204312446,30.775,5.844823053073463,59.81666666666666,6.190449633642476,70.98333333333333,16.603133980397065,15.85,0.2738612787523557,11.858333333333333,5.651926694704991,7.233333333333334,0.0816496580928262,8.170833333333334,0.9129403841037584,180.33333333333331,31.302822024006705,248.70833333333331,58.83394403755784
27.9,81,0.0,1000.7469,1.609969,206,1,3,6,2,0,22.5,22.9,28.3,25.6,49.8,51.9,65.9,49.5,15.3,15.6,16.0,17.9,7.7,7.3,7.1,9.4,219.0,183.0,200.0,218.0,25.0,2.2821042920953274,30.70416666666667,5.937535659694584,56.78333333333333,5.826977489802415,71.30833333333332,16.07920387026206,15.683333333333335,0.2483277404289448,11.616666666666667,5.355831171371249,7.316666666666666,0.204124145231955,8.091666666666667,0.8647274849271236,178.33333333333334,27.580186124582955,250.70833333333331,56.86022462959088
28.55,78,0.0,1000.7547,4.5891175,205,2,3,6,2,0,24.3,22.5,26.8,26.2,54.2,49.8,60.1,57.5,14.8,15.3,15.9,13.5,8.9,7.7,7.2,9.1,276.0,219.0,165.0,277.0,24.33333333333333,1.6107969042267882,30.65,5.991805999065277,54.833333333333336,3.755351736743695,71.50416666666666,15.82871576450927,15.483333333333334,0.3868677637986264,11.4875,5.233696216533451,7.616666666666667,0.6524313501562282,8.070833333333335,0.8374283443280632,191.0,48.805737367649485,253.125,56.64175176915221
29.8,73,0.0,1001.46783,3.604497,182,3,3,6,2,0,26.8,24.3,25.5,27.5,65.9,54.2,57.7,62.6,14.1,14.8,15.7,9.7,10.4,8.9,7.3,8.8,343.0,276.0,147.0,311.0,24.33333333333333,1.6107969042267882,30.675,5.9736559339646575,55.8,5.650486704700517,71.85416666666667,15.596766085276837,15.183333333333332,0.6242328625333311,11.5125,5.245147861305394,8.15,1.264515717577293,8.125000000000002,0.9423605882361868,220.66666666666663,76.23297624169385,255.875,59.38694959844874
31.2,65,0.0,1001.28546,7.823272,203,4,3,6,2,0,27.4,26.8,24.0,28.1,77.1,65.9,55.3,65.2,12.8,14.1,15.6,7.3,11.4,10.4,7.3,8.3,378.0,343.0,156.0,293.0,24.65,2.0206434618704816,30.67083333333333,5.976001219855131,59.03333333333334,10.459381753558104,72.45833333333333,15.503265200726558,14.699999999999998,1.0917875251164488,11.641666666666666,5.236736177916688,8.833333333333334,1.733974240485333,8.233333333333333,1.1499212323371073,259.1666666666667,88.87163026898222,258.6666666666667,63.52176392980299
32.4,60,0.0,1001.4992,8.297589,204,5,3,6,2,0,28.2,27.4,22.9,28.9,79.4,77.1,51.9,69.2,10.5,12.8,15.6,5.7,11.4,11.4,7.3,7.7,353.0,378.0,183.0,249.0,25.35,2.4353644491122672,30.675,5.974165395594008,63.05,13.04649378185564,73.05,15.485168219383665,13.85,1.921197543200574,11.775,5.161584690939321,9.516666666666667,1.814846182646533,8.362499999999999,1.3193583750214006,292.0,78.97341324775084,261.1666666666667,66.06167517960945
33.25,55,0.0,1001.2107,10.134496,199,6,3,6,2,0,29.3,28.2,22.5,29.6,78.9,79.4,49.8,72.6,7.6,10.5,15.3,4.5,10.9,11.4,7.7,7.3,296.0,353.0,219.0,221.0,26.416666666666668,2.546697207495725,30.691666666666663,5.9695543979550765,67.55,13.087818764026276,73.45416666666667,15.506884282309215,12.516666666666667,2.959335511000168,11.854166666666666,5.078255363432596,10.116666666666667,1.503883860764087,8.495833333333334,1.4081993333043514,310.8333333333333,58.63588207460262,263.125,66.38118676644561
33.85,55,0.0,1000.7198,11.038858,204,7,3,6,2,0,30.4,29.3,24.3,31.0,76.8,78.9,54.2,75.9,5.4,7.6,14.8,3.8,10.1,10.9,8.9,7.4,250.0,296.0,276.0,225.0,27.73333333333333,2.1238330128959,30.725,5.965425747406965,72.05,10.054402021005457,73.62916666666666,15.52051879362251,10.866666666666667,3.751088730844241,11.891666666666666,5.024627753174463,10.516666666666667,0.9495613022162916,8.612499999999999,1.4207507201108962,316.0,49.59435451742508,264.3333333333333,65.8428079771727
34.05,55,0.0,1000.02484,12.55879,207,8,3,6,2,0,30.0,30.4,26.8,31.7,73.1,76.8,65.9,74.5,4.2,5.4,14.1,3.6,9.0,10.1,10.4,7.7,232.0,250.0,343.0,244.0,28.683333333333337,1.4483323743762822,30.683333333333334,5.96691360512404,75.2,5.067543783727856,73.5125,15.513228926923356,9.1,4.014971979976949,11.908333333333331,4.99720936616382,10.533333333333331,0.9157874571464164,8.679166666666665,1.3987507366176375,308.6666666666667,59.04461589905301,264.625,65.67628948106002
34.0,55,0.0,999.1274,13.0447235,207,9,3,6,2,0,28.6,30.0,27.4,32.2,68.2,73.1,77.1,74.0,3.6,4.2,12.8,4.0,7.8,9.0,11.4,8.1,225.0,232.0,378.0,267.0,28.98333333333333,1.1321071798493405,30.55416666666667,5.977492506617347,75.58333333333333,4.243308457638396,73.25,15.549052816112692,7.349999999999999,3.673554137344387,11.908333333333331,4.99720936616382,10.1,1.4505171491575095,8.683333333333334,1.3958530714589652,289.0,64.70239562798292,263.8333333333333,66.04916921221026
33.75,56,0.0,998.2276,13.089354,211,10,3,6,2,0,27.1,28.6,28.2,32.5,64.5,68.2,79.4,73.1,3.6,3.6,10.5,4.9,6.8,7.8,11.4,8.4,227.0,225.0,353.0,297.0,28.933333333333334,1.2192894105446934,30.341666666666665,6.007018841515207,73.48333333333333,6.068085914575148,72.85416666666667,15.649725075142292,5.816666666666666,2.746937688894082,11.891666666666667,5.025319947994375,9.333333333333334,1.7996295915178453,8.629166666666666,1.4438713560264298,263.8333333333333,51.0976189921475,262.1666666666667,66.46912762731453
33.35,58,0.0,997.62506,12.4811535,213,11,3,6,2,0,26.0,27.1,29.3,32.1,62.9,64.5,78.9,71.9,4.2,3.6,7.6,6.3,6.4,6.8,10.9,8.7,244.0,227.0,296.0,332.0,28.566666666666663,1.714253967959951,30.07083333333333,6.051839760994461,70.73333333333333,6.568612232935131,72.42916666666666,15.78071137335946,4.766666666666667,1.535795125225622,11.8625,5.0695006614578695,8.5,1.8088670487352048,8.545833333333333,1.5136995183602446,245.66666666666663,26.522946040488403,259.9583333333333,66.14113971136904
32.8,59,0.0,997.7182,11.525623,218,12,3,6,2,0,25.3,26.0,30.4,45.2,62.2,62.9,76.8,110.1,5.4,4.2,5.4,8.3,6.3,6.4,10.1,10.1,271.0,244.0,250.0,349.0,27.9,2.105231578710473,29.7875,6.11159357998848,67.95,5.922415047934253,72.02499999999999,15.91846753603039,4.4,0.8197560612768444,11.825,5.115555985763257,7.733333333333333,1.5435888917281932,8.445833333333335,1.5808580957317324,241.5,17.444196742756304,257.4166666666667,64.40153702369602
31.9,63,0.0,997.508,11.808878,217,13,3,6,2,0,24.6,25.3,30.0,42.4,59.8,62.2,73.1,102.7,7.0,5.4,4.2,11.1,6.4,6.3,9.0,9.6,286.0,271.0,232.0,336.0,26.933333333333334,2.0588022407862514,28.92916666666667,5.236865903644422,65.11666666666666,4.802256414089576,69.92916666666666,13.866552788342362,4.666666666666667,1.3185851002748312,11.770833333333334,5.161182807362526,7.116666666666667,1.0778064142816497,8.291666666666668,1.592896368436971,247.5,25.35152855352107,254.79166666666663,61.73504336849649
30.8,69,0.0,997.196,12.669238,202,14,3,6,2,0,23.9,24.6,28.6,40.0,58.2,59.8,68.2,95.9,9.4,7.0,3.6,15.0,6.6,6.4,7.8,8.9,279.0,286.0,225.0,306.0,25.91666666666667,1.7197868084929966,28.15833333333333,4.4737802968996405,62.63333333333333,3.533081752049362,68.075,12.16481919664069,5.533333333333334,2.2966642477007317,11.7,5.182411726633447,6.716666666666668,0.5600595206463902,8.166666666666666,1.6034383345653191,255.33333333333331,26.82287580903037,252.41666666666663,59.53217373945727
30.05,74,0.0,997.58514,11.681987,213,15,3,6,2,0,24.0,23.9,27.1,38.4,58.4,58.2,64.5,91.5,12.1,9.4,3.6,17.7,6.9,6.6,6.8,8.3,260.0,279.0,227.0,279.0,25.15,1.243784547258843,27.49166666666667,3.7690866921249686,61.0,2.582247083452186,66.5125,10.76303304997174,6.95,3.27765159832464,11.579166666666666,5.135721376590737,6.566666666666666,0.2422120283277928,8.083333333333334,1.615594295464122,261.1666666666667,22.33756178876,250.5,58.46292024418776
29.95,74,0.0,998.082,12.346741,224,16,3,6,2,0,23.5,24.0,26.0,35.0,57.0,58.4,62.9,84.3,14.0,12.1,4.2,18.0,7.1,6.9,6.4,7.8,241.0,260.0,244.0,263.0,24.55,0.9481561052906328,26.870833333333334,3.0533629594790668,59.75,2.354357661868131,65.075,9.511789023878949,8.683333333333334,3.851449943419581,11.425,4.997673371723568,6.616666666666667,0.3188521078284785,8.033333333333333,1.6271251432769511,263.5,18.447222013083863,248.91666666666663,58.17134859276901
29.9,74,0.0,998.5795,10.948973,226,17,3,6,2,0,23.1,23.5,25.3,31.2,56.3,57.0,62.2,72.2,14.4,14.0,5.4,17.1,7.0,7.1,6.3,7.5,224.0,241.0,271.0,249.0,24.066666666666663,0.786553664200085,26.375,2.609889219704616,58.650000000000006,2.1182539979891564,63.90833333333333,8.73682444880729,10.383333333333336,3.725810873711474,11.275,4.843395323620569,6.716666666666668,0.3311595788538575,8.0,1.6402544871478564,260.1666666666667,23.726918608758904,247.29166666666663,58.30540221571438
29.8,74,0.0,998.47894,11.052058,232,18,3,6,2,0,23.3,23.1,24.6,29.3,54.7,56.3,59.8,68.0,13.9,14.4,7.0,16.3,6.9,7.0,6.4,7.2,207.0,224.0,286.0,231.0,23.73333333333333,0.5465040408511058,26.04583333333333,2.4692859673204604,57.4,1.7922053453767195,63.179166666666674,8.744985105347814,11.8,2.9966648127543336,11.141666666666666,4.71850350877467,6.816666666666666,0.2639444385977182,7.975,1.6527315992412128,249.5,31.117519181322816,245.54166666666663,58.879374972068526
29.6,76,0.0,998.47644,10.055864,224,19,3,6,2,0,21.8,23.3,23.9,28.3,51.1,54.7,58.2,65.9,13.0,13.9,9.4,16.0,6.6,6.9,6.6,7.1,190.0,207.0,279.0,200.0,23.266666666666666,0.7966596931354029,25.73333333333333,2.5137304111042016,55.95000000000001,2.7340446228978603,62.475,9.016132883554596,12.8,1.860107523773813,11.004166666666665,4.608449627696338,6.8500000000000005,0.2073644135332729,7.95,1.6694180188733774,233.5,33.206926988205026,243.83333333333331,59.90548110704619
29.45,76,0.0,998.07605,8.027678,222,20,3,6,2,0,20.8,21.8,24.0,26.8,49.7,51.1,58.4,60.1,11.6,13.0,12.1,15.9,6.2,6.6,6.9,7.2,174.0,190.0,260.0,165.0,22.75,1.2045746137122166,25.42083333333333,2.643610700582036,54.53333333333333,3.444802848736511,61.8,9.348843220699491,13.166666666666666,1.1290113669341897,10.820833333333333,4.4869839939896,6.783333333333332,0.3311595788538579,7.9125,1.6991845870503732,216.0,32.08114711165989,242.75,60.95846768586541
29.3,77,0.0,997.3767,8.0599,203,21,3,6,2,0,20.5,20.8,23.5,25.5,49.9,49.7,57.0,57.7,9.9,11.6,14.0,15.7,5.8,6.2,7.1,7.3,158.0,174.0,241.0,147.0,22.166666666666668,1.3201010062364964,25.15833333333333,2.8083596738970207,53.11666666666667,3.280497929684306,61.375,9.656277525639757,12.8,1.7378147196982614,10.570833333333336,4.356951383974678,6.6000000000000005,0.5099019513592756,7.854166666666667,1.748037201540916,199.0,31.112698372207262,242.45833333333331,61.36206104941297
29.15,78,0.0,996.7771,8.827344,219,22,3,6,2,0,20.1,20.5,23.1,24.0,49.8,49.9,56.3,55.3,8.6,9.9,14.4,15.6,5.5,5.8,7.0,7.3,148.0,158.0,224.0,156.0,21.600000000000005,1.3623509092740933,24.933333333333337,2.990225622818835,51.91666666666666,2.866647286755536,61.04583333333334,9.918098483894653,11.9,2.2995651762887617,10.275,4.232816926165695,6.333333333333333,0.6055300708194948,7.779166666666668,1.8103516753398443,183.5,29.104982391335252,242.5,61.29472634950637
29.0,79,0.0,996.5759,9.1958685,229,23,3,6,2,0,19.7,20.1,23.3,22.9,48.7,49.8,54.7,51.9,8.1,8.6,13.9,15.6,5.6,5.5,6.9,7.3,141.0,148.0,207.0,183.0,21.03333333333333,1.3201010062365004,24.754166666666663,3.171884526472447,50.65,2.1257939693197105,60.770833333333336,10.172575201584188,10.85,2.3670656940608943,9.9625,4.0972750753980725,6.1000000000000005,0.5656854249492332,7.708333333333333,1.8624240087600303,169.66666666666666,25.50816862627714,241.875,62.28358182713477
28.85,82,0.0,997.5703,7.327127,242,0,4,6,3,0,30.9,32.9,31.7,32.8,78.0,84.1,75.7,75.0,7.9,8.3,12.6,19.2,5.9,5.9,6.2,9.7,141.0,147.0,190.0,219.0,33.21666666666667,1.7982398801790345,31.058333333333334,2.950300893522336,83.43333333333334,5.718974267004982,77.4375,8.63294057916996,9.85,1.8490538120888005,10.216666666666669,4.7932621792304,5.966666666666666,0.1211060141639126,7.899999999999999,2.383275057562591,161.83333333333334,18.26928205120876,240.70833333333331,63.66316194162671
28.75,83,0.0,997.96765,7.8087645,244,1,4,6,3,0,28.9,30.9,33.3,34.3,71.7,78.0,83.8,78.7,7.8,7.9,11.4,18.1,6.0,5.9,6.0,10.8,151.0,141.0,175.0,276.0,32.75,2.4977990311471507,30.89583333333333,2.957595846021841,82.76666666666667,6.909896284797997,77.3,8.699475246543235,9.05,1.4067693485430186,9.741666666666667,4.414198106965318,5.933333333333334,0.0516397779494583,7.745833333333334,2.3814462479518674,155.33333333333334,12.160043859567926,237.875,66.13642849378121
29.5,79,0.0,998.3755,9.668195,241,2,4,6,3,0,28.0,28.9,35.5,34.8,68.7,71.7,89.6,86.4,8.1,7.8,10.0,16.5,6.1,6.0,5.9,12.2,191.0,151.0,163.0,344.0,31.866666666666664,3.123246174522001,30.633333333333336,2.9216830567427783,80.25,8.916669781930835,76.88333333333334,8.8673640349056,8.5,0.8318653737235169,9.325,4.047677809827984,5.95,0.0836660026534248,7.550000000000001,2.3115964744889044,158.0,17.78763615548592,234.33333333333331,66.28178756128136
30.7,72,0.0,998.78876,10.706596,243,3,4,6,3,0,30.2,28.0,35.0,33.9,79.4,68.7,89.4,91.0,8.6,8.1,8.9,14.4,6.2,6.1,5.9,12.9,246.0,191.0,155.0,380.0,30.98333333333333,2.5949309560499514,30.441666666666663,2.7841034255317862,78.55,7.661527262889463,76.59166666666667,8.653268629310867,8.266666666666667,0.4226897995774692,8.995833333333334,3.749026443673378,6.0,0.1264911064067491,7.3,2.1017590976008145,171.83333333333334,40.38027571310803,230.25,62.11997508328393
32.0,65,0.0,999.1033,11.028581,243,4,4,6,3,0,31.4,30.2,32.9,32.7,84.1,79.4,84.1,88.7,8.6,8.6,8.3,11.4,6.2,6.2,5.9,12.4,278.0,246.0,147.0,359.0,30.38333333333333,1.763424698326048,30.3375,2.6944084613364763,77.66666666666667,6.354421033159915,76.30416666666666,8.259407240899044,8.216666666666667,0.3430257521919345,8.754166666666668,3.5680928003464243,6.05,0.1378404875209175,7.020833333333333,1.7393099997879276,192.33333333333331,57.65298488948017,226.0,54.44422754565876
33.2,60,0.0,999.317,12.033103,248,5,4,6,3,0,31.0,31.4,30.9,31.8,81.7,84.1,78.0,85.0,7.4,8.6,7.9,8.0,6.1,6.2,5.9,11.1,265.0,278.0,141.0,307.0,30.066666666666663,1.3411437904513872,30.266666666666666,2.65160602140542,77.26666666666667,5.929811688971677,76.0125,7.919228799738631,8.066666666666668,0.4718756898451618,8.5875,3.532373570770536,6.083333333333333,0.1169045194450213,6.758333333333334,1.316093252499731,212.0,59.20135133592788,222.08333333333331,47.38364849742499
33.4,59,0.0,999.4191,12.879752,243,6,4,6,3,0,30.9,31.0,28.9,31.0,83.4,81.7,71.7,80.6,5.6,7.4,7.8,5.3,6.0,6.1,6.0,9.8,229.0,265.0,151.0,263.0,30.066666666666663,1.3411437904513872,30.229166666666668,2.63529210767108,78.16666666666667,6.4503229893289165,75.94583333333334,7.846681888968593,7.683333333333333,1.1214573851318923,8.487499999999999,3.583332490731269,6.1000000000000005,0.0894427191000193,6.545833333333333,0.9436189202568076,226.66666666666663,47.919376734956,218.83333333333331,43.84921462453341
33.4,59,0.0,998.82135,13.584932,237,7,4,6,3,0,30.6,30.9,28.0,29.5,84.5,83.4,68.7,75.7,4.2,5.6,8.1,3.9,5.9,6.0,6.1,8.5,203.0,229.0,191.0,241.0,30.35,1.2194260945213724,30.2125,2.631467188702388,80.3,5.983644374459302,76.10833333333333,7.986396949306059,7.083333333333333,1.8026831853287144,8.441666666666666,3.6325720516109303,6.083333333333333,0.1169045194450213,6.383333333333334,0.6485211717013429,235.33333333333331,34.2500608271963,216.33333333333331,42.92224179350024
34.4,56,0.0,998.0362,13.83192,235,8,4,6,3,0,29.9,30.6,30.2,28.0,82.4,84.5,79.4,71.9,3.5,4.2,8.6,3.3,5.7,5.9,6.2,7.1,197.0,203.0,246.0,227.0,30.666666666666668,0.5501514942870861,30.229166666666668,2.6280227592599466,82.58333333333334,1.8755443654216908,76.3875,8.087957365603948,6.316666666666666,2.214873961801643,8.424999999999999,3.655163114185777,6.016666666666667,0.1940790217068047,6.266666666666667,0.4815434123430292,236.33333333333331,32.75159029217737,214.5,42.76223445579244
34.45,55,0.0,997.14,13.943901,230,9,4,6,3,0,29.6,29.9,31.4,25.9,80.3,82.4,84.1,65.2,3.1,3.5,8.6,3.3,5.5,5.7,6.2,6.1,200.0,197.0,278.0,222.0,30.566666666666663,0.6889605697471473,30.29583333333333,2.589020154869154,82.73333333333333,1.5832456116045497,76.7375,8.067045819931272,5.4,2.2190087877248867,8.416666666666666,3.667562472917611,5.9,0.2607680962081096,6.2,0.4718142596956218,228.66666666666663,35.3194941451126,213.375,42.77424306244595
34.05,58,0.0,996.2388,14.784126,227,10,4,6,3,0,28.1,29.6,31.0,25.0,73.6,80.3,81.7,61.7,3.3,3.1,7.4,3.9,5.4,5.5,6.1,5.8,210.0,200.0,265.0,233.0,30.01666666666667,1.0907184176799802,30.387500000000003,2.4624682739072714,80.98333333333333,3.8912294543839434,77.0875,7.719445378815941,4.516666666666667,1.679781731852972,8.416666666666666,3.667562472917611,5.766666666666667,0.2804757862395012,6.170833333333333,0.4991115294606339,217.33333333333331,26.00512769948724,212.875,42.73916084301616
33.3,61,0.0,995.83105,14.2575445,226,11,4,6,3,0,27.5,28.1,30.9,24.9,71.9,73.6,83.4,61.0,4.1,3.3,5.6,5.1,5.3,5.4,6.0,5.9,230.0,210.0,229.0,253.0,29.433333333333337,1.3618614711733088,30.49166666666667,2.2700156419048327,79.35000000000001,5.323438738259185,77.5125,7.09061305376777,3.966666666666667,0.9114091653406766,8.425,3.65706582314053,5.633333333333334,0.2804757862394976,6.150000000000001,0.525025879279295,211.5,14.597945060862816,212.75,42.68209073563765
32.15,66,0.0,995.11993,14.508715,217,12,4,6,3,0,27.4,27.5,30.6,30.6,71.7,71.9,84.5,77.3,5.3,4.1,4.2,7.1,5.3,5.3,5.9,6.6,256.0,230.0,203.0,266.0,28.85,1.3575713609234958,30.59583333333333,2.048855283082324,77.4,5.674504383644321,77.95833333333333,6.299476628824212,3.9166666666666665,0.8060190237624612,8.433333333333332,3.649379538290402,5.516666666666667,0.2401388487243628,6.125,0.5510858845714217,216.0,22.882307575941088,212.875,42.80929653200582
31.15,71,0.0,995.1077,13.413321,229,13,4,6,3,0,26.7,27.4,29.9,30.3,67.5,71.7,82.4,75.0,6.8,5.3,3.5,9.6,5.3,5.3,5.7,6.8,273.0,256.0,197.0,266.0,28.200000000000003,1.2837445228703728,30.433333333333334,2.1977590694923976,74.56666666666668,5.664509393289536,77.55,6.651773218963704,4.3500000000000005,1.4390969390559858,8.420833333333333,3.654655062134911,5.416666666666667,0.1602081978759535,6.070833333333334,0.5660535899246818,227.66666666666663,31.24526630814086,213.16666666666663,43.20896310667049
30.7,72,0.0,995.70026,10.950452,244,14,4,6,3,0,25.7,26.7,29.6,30.0,61.0,67.5,80.3,71.7,8.8,6.8,3.1,12.9,5.3,5.3,5.5,7.2,272.0,273.0,200.0,260.0,27.5,1.3160547101088516,30.241666666666664,2.401071620659428,71.0,6.431174076325318,76.96666666666667,7.450979898595646,5.233333333333333,2.2250093632762407,8.387500000000001,3.647072977655882,5.3500000000000005,0.0836660026533649,6.008333333333333,0.5648521673982013,240.16666666666663,31.524064881716125,213.41666666666663,43.54399740658769
30.55,73,0.0,996.19653,11.594292,242,15,4,6,3,0,25.3,25.7,28.1,30.4,57.2,61.0,73.6,72.4,11.0,8.8,3.3,15.1,5.4,5.3,5.4,7.3,262.0,272.0,210.0,249.0,26.78333333333333,1.0962055768268884,30.04583333333333,2.60467458814816,67.15,6.660555532386087,76.3625,8.421288370913798,6.55,2.934450544820993,8.308333333333334,3.564549690038496,5.333333333333333,0.0516397779493604,5.933333333333334,0.5172390471377915,250.5,25.26459973955625,213.5,43.6388339221724
30.3,73,0.0,996.7912,12.134992,249,16,4,6,3,0,22.0,25.3,27.5,30.0,50.4,57.2,71.9,71.2,12.6,11.0,4.1,15.1,5.5,5.4,5.3,7.0,251.0,262.0,230.0,232.0,25.766666666666666,2.0471117865584163,29.69583333333333,3.076627058642447,63.28333333333333,8.61473543799609,75.44583333333333,9.933035753251032,8.1,3.3069623523711544,8.204166666666667,3.3896875791225773,5.3500000000000005,0.0836660026533649,5.858333333333333,0.4343077116581622,257.3333333333333,15.945741333241768,213.58333333333331,43.71142191461048
29.95,74,0.0,997.0857,12.57426,246,17,4,6,3,0,21.1,22.0,27.4,30.2,46.8,50.4,71.7,69.4,13.4,12.6,5.3,13.9,5.7,5.5,5.3,6.6,245.0,251.0,256.0,209.0,24.7,2.5651510676760827,29.325,3.5398661237274083,59.1,9.628291644938844,74.42916666666667,11.510013756145892,9.65,3.2358924580399924,8.133333333333335,3.254383888350225,5.416666666666667,0.1602081978759535,5.804166666666667,0.3605300043795566,259.8333333333333,11.303391821336463,214.125,44.028955393507424
29.5,79,0.0,996.9807,11.594292,242,18,4,6,3,0,21.3,21.1,26.7,31.7,46.4,46.8,67.5,75.7,13.7,13.4,6.8,12.6,6.0,5.7,5.3,6.2,239.0,245.0,273.0,190.0,23.683333333333334,2.4887078307158594,28.95416666666667,3.89280039657007,54.883333333333326,8.477833842831904,73.47083333333333,12.828889923398192,11.05,2.759528945309336,8.125,3.2391960892091314,5.533333333333334,0.2732520204255819,5.779166666666668,0.3216522111341507,257.0,14.212670403551485,215.375,44.302137057100026
29.35,79,0.0,996.9788,11.213581,251,19,4,6,3,0,21.5,21.3,25.7,33.3,47.4,46.4,61.0,83.8,13.3,13.7,8.8,11.4,6.1,6.0,5.3,6.0,227.0,239.0,272.0,175.0,22.816666666666663,2.103726851724449,28.52916666666667,4.129583531656358,51.53333333333333,6.145784463082487,72.29166666666667,13.873180779026027,12.133333333333333,1.8991226044325524,8.154166666666667,3.284082714451971,5.666666666666667,0.3265986323710877,5.775000000000001,0.3165713052446476,249.33333333333331,16.13278235973732,216.91666666666663,44.0236267263945
29.1,80,0.0,996.6769,10.24578,251,20,4,6,3,0,21.1,21.5,25.3,35.5,46.9,47.4,57.2,89.6,11.9,13.3,11.0,10.0,5.8,6.1,5.4,5.9,203.0,227.0,262.0,163.0,22.05,1.626960356001281,28.02083333333333,4.265430215996518,49.18333333333333,4.1849332929768615,70.75416666666666,14.569562649479302,12.65,1.0368220676663844,8.174999999999999,3.3070741041643883,5.75,0.2738612787525827,5.766666666666667,0.3130032180229233,237.83333333333331,20.69218854221676,218.08333333333331,43.22832874166072
28.8,84,0.0,996.175,9.12513,247,21,4,6,3,0,20.5,21.1,22.0,35.0,46.4,46.9,50.4,89.4,9.9,11.9,12.6,8.9,5.3,5.8,5.5,5.9,173.0,203.0,251.0,155.0,21.25,0.4969909455914013,27.39583333333333,4.220599500654783,47.38333333333333,1.5237016330850963,68.95416666666667,14.806666511690151,12.466666666666669,1.4151560573543365,8.170833333333333,3.3047369383786007,5.733333333333333,0.3011090610836317,5.741666666666667,0.3255986682306535,223.0,29.799328851502228,218.5,42.71950984900364
28.55,85,0.0,996.0722,8.43699,258,22,4,6,3,0,19.9,20.5,21.1,32.9,46.2,46.4,46.8,84.1,8.2,9.9,13.4,8.3,5.0,5.3,5.7,5.9,153.0,173.0,245.0,147.0,20.9,0.5932958789675217,26.76666666666667,4.162844623850225,46.68333333333333,0.4400757510545224,67.15416666666667,14.838873130972653,11.733333333333334,2.234875089723517,8.141666666666667,3.3011087289847967,5.65,0.4230839160261213,5.704166666666667,0.3568938055020696,206.66666666666663,37.2970061354344,218.41666666666663,42.850515360572444
28.55,85,0.0,996.1719,6.601363,258,23,4,6,3,0,19.8,19.9,21.3,30.9,47.4,46.2,46.4,78.0,7.3,8.2,13.7,7.9,5.0,5.0,6.0,5.9,147.0,153.0,239.0,141.0,20.683333333333334,0.7277820186474208,26.22083333333333,4.182466420943356,46.78333333333333,0.5307227776025829,65.625,14.9074900928884,10.716666666666669,2.6701435666770306,8.1,3.305331661316948,5.533333333333334,0.4966554808583739,5.666666666666667,0.3818338662942659,190.33333333333331,38.58842658967353,218.41666666666663,42.850515360572444
28.4,87,0.0,996.967,7.8149853,255,0,5,6,4,0,25.7,26.1,30.7,31.2,60.1,59.6,68.7,77.5,7.2,8.2,15.7,8.5,5.3,5.2,6.6,6.2,145.0,143.0,208.0,151.0,27.98333333333333,2.028217608312082,31.48333333333333,4.235221534852159,63.06666666666666,3.7707647323408673,78.69166666666668,13.854458289401098,11.05,3.3637776383108293,8.741666666666665,3.98103292983187,5.733333333333334,0.5887840577551854,5.804166666666667,0.4534689162125306,166.5,26.651453994105903,212.45833333333331,40.26000190788842
28.25,89,0.0,997.4636,7.1321807,259,1,5,6,4,0,27.2,25.7,29.7,30.9,66.8,60.1,66.1,76.8,6.7,7.2,14.1,8.6,5.4,5.3,6.3,6.2,159.0,145.0,189.0,193.0,27.4,1.533623161014636,31.316666666666663,4.32461776814782,62.75,3.246382602220358,78.24583333333334,14.065034634701885,9.55,2.8416544476765706,8.666666666666666,4.002680261445104,5.533333333333334,0.413118223595448,5.770833333333333,0.4525091079233386,158.33333333333334,17.23562202726103,212.79166666666663,39.75903415704964
29.1,83,0.0,998.27094,9.444426,262,2,5,6,4,0,27.8,27.2,28.7,33.6,70.5,66.8,63.8,91.7,7.1,6.7,11.6,8.7,5.6,5.4,5.7,6.3,199.0,159.0,165.0,249.0,27.08333333333333,1.0980285363628746,31.1875,4.38349795800411,63.48333333333333,4.434147794860438,77.98333333333333,14.15171418919824,8.383333333333333,1.8712740757747768,8.604166666666666,4.015457001081715,5.416666666666668,0.1940790217067699,5.745833333333334,0.4442670237658312,160.0,20.89018908482975,213.04166666666663,39.64788405633923
30.6,74,0.0,998.88715,9.605998,257,3,5,6,4,0,29.9,27.8,27.0,33.6,87.5,70.5,60.1,90.1,8.0,7.1,9.5,8.4,5.9,5.6,5.3,6.3,253.0,199.0,149.0,283.0,27.28333333333333,1.490525634354268,31.03333333333333,4.35996277074919,67.43333333333334,10.783258629313574,77.80833333333334,13.999873187831508,7.783333333333334,1.014724921674229,8.575000000000001,4.017272490243784,5.45,0.2588435821108777,5.729166666666667,0.4298424045549436,174.66666666666666,43.62415233178307,213.20833333333331,39.81367382179641
32.35,65,0.0,999.20734,9.346143,254,4,5,6,4,0,33.9,29.9,26.1,32.9,104.3,87.5,59.6,87.8,8.3,8.0,8.2,7.2,6.1,5.9,5.2,6.2,285.0,253.0,143.0,270.0,28.433333333333334,3.0618077448898027,31.04583333333333,4.368063859887821,74.8,17.67008771908048,78.39999999999999,14.81808530728293,7.583333333333333,0.6675827039901332,8.570833333333333,4.017513741938736,5.583333333333335,0.3544949458972008,5.720833333333334,0.4201233428272682,197.33333333333331,59.91215792029717,213.29166666666663,39.96789925695975
33.8,59,0.0,999.42377,9.499158,242,5,5,6,4,0,36.3,33.9,25.7,32.7,116.2,104.3,60.1,88.2,7.2,8.3,7.2,5.7,6.4,6.1,5.3,6.0,275.0,285.0,145.0,233.0,30.133333333333336,4.1466452303840935,31.1875,4.484399286027266,84.23333333333333,22.40604085211542,79.58333333333333,16.625168627236814,7.416666666666667,0.6047037842338877,8.570833333333333,4.017513741938736,5.783333333333334,0.4262237284181426,5.729166666666667,0.4318606525123102,219.33333333333331,60.20520464766015,213.5,40.28809296532413
34.6,56,0.0,999.5332,10.783486,236,6,5,6,4,0,36.7,36.3,27.2,31.7,116.2,116.2,66.8,85.4,5.5,7.2,6.7,4.4,6.6,6.4,5.4,5.8,244.0,275.0,159.0,206.0,31.966666666666665,4.225478276676754,31.354166666666668,4.615472952982204,93.58333333333331,22.023025829042314,80.75,18.167074852481164,7.133333333333333,0.9973297682646372,8.5625,4.023929779402859,6.000000000000001,0.4604345773288524,5.754166666666667,0.464364143718017,235.83333333333331,48.109943532149856,213.95833333333331,40.58108272782172
34.8,55,0.0,999.53546,11.592894,233,7,5,6,4,0,36.7,36.7,27.8,30.7,111.8,116.2,70.5,83.4,4.2,5.5,7.1,3.7,6.7,6.6,5.6,5.6,220.0,244.0,199.0,202.0,33.550000000000004,3.844866707702684,31.5625,4.742849308719128,101.08333333333331,18.450302617211044,81.85000000000001,19.22907671481783,6.716666666666668,1.5715173135116298,8.554166666666665,4.033121476050484,6.216666666666668,0.4262237284181503,5.791666666666667,0.5029622396290861,246.0,32.557641192199206,214.54166666666663,40.56232902869207
34.9,55,0.0,998.73956,12.096214,233,8,5,6,4,0,34.9,36.7,29.9,29.9,101.5,111.8,87.5,81.3,3.6,4.2,8.0,3.2,6.5,6.7,5.9,5.4,214.0,220.0,253.0,207.0,34.73333333333333,2.618141834711621,31.7375,4.786921721233544,106.25,11.015761435325198,82.60416666666667,19.642998070264305,6.133333333333334,1.9936566070080453,8.55,4.038402611450948,6.366666666666667,0.3076794869123899,5.829166666666667,0.5212686586518571,248.5,28.55696062258706,215.04166666666663,40.4748759072852
35.2,54,0.0,997.84625,12.007498,229,9,5,6,4,0,33.3,34.9,33.9,29.3,94.8,101.5,104.3,78.2,3.3,3.6,8.3,3.3,6.1,6.5,6.1,5.2,217.0,214.0,285.0,216.0,35.300000000000004,1.485934049680694,31.879166666666663,4.78048380002683,107.46666666666668,8.687845916374469,83.16666666666667,19.796720559919454,5.3500000000000005,2.036418424587686,8.554166666666665,4.032690240981828,6.400000000000001,0.2529822128134811,5.858333333333333,0.5157659282596864,242.5,31.09179956194213,215.45833333333331,40.439949217990055
34.9,56,0.0,996.9461,11.843124,226,10,5,6,4,0,32.2,33.3,36.3,27.8,91.0,94.8,116.2,71.9,3.6,3.3,7.2,4.0,5.9,6.1,6.4,5.2,225.0,217.0,275.0,231.0,35.01666666666667,1.908315138195768,32.0,4.749004472335332,105.25,11.03662085966524,83.7,19.82949055452952,4.566666666666666,1.5108496505830384,8.566666666666666,4.0161269106340205,6.366666666666667,0.3076794869123899,5.8875,0.4963453391058756,232.5,23.38161671056942,215.83333333333331,40.48689177742708
34.25,58,0.0,996.53973,11.500296,230,11,5,6,4,0,31.4,32.2,36.7,27.1,88.2,91.0,116.2,69.4,4.4,3.6,5.5,5.2,5.9,5.9,6.6,5.2,243.0,225.0,244.0,251.0,34.2,2.264508776755011,32.15,4.666718426214007,100.58333333333331,11.394457717094951,84.37916666666668,19.686388569962183,4.1000000000000005,0.8000000000001501,8.583333333333334,3.99713665631728,6.283333333333334,0.3600925806881754,5.916666666666667,0.4742652593558132,227.16666666666663,13.166877635439729,216.33333333333331,40.755545546018816
33.3,60,0.0,996.3292,10.883676,235,12,5,6,4,0,30.4,31.4,36.7,43.0,84.5,88.2,111.8,114.8,5.8,4.4,4.2,7.3,6.0,5.9,6.7,5.6,267.0,243.0,220.0,261.0,33.15,2.3330237889915493,32.2875,4.558824457552926,95.3,9.9647378289646,85.00833333333334,19.4264256746514,4.15,0.9071934744034694,8.608333333333333,3.9768806507292687,6.183333333333335,0.3371448748930772,5.95,0.4491537937441198,231.0,20.405881505095003,217.0,41.47183433944359
32.2,64,0.0,996.3161,10.134495,236,13,5,6,4,0,28.7,30.4,34.9,40.5,75.7,84.5,101.5,102.7,7.7,5.8,3.6,9.1,6.1,6.0,6.5,5.6,286.0,267.0,214.0,254.0,31.816666666666663,2.1793729985175005,31.691666666666663,3.997816432989912,89.28333333333335,8.845205857789008,83.37916666666668,18.433522845423635,4.733333333333333,1.71308688240465,8.625,3.971994351762689,6.083333333333333,0.2228601953392917,5.970833333333334,0.4437774282194331,242.0,29.189039038652577,218.04166666666663,42.91394743038634
30.75,74,0.0,996.2986,9.54679,224,14,5,6,4,0,26.8,28.7,33.3,38.4,66.1,75.7,94.8,91.7,10.5,7.7,3.3,11.7,6.3,6.1,6.1,5.7,295.0,286.0,217.0,237.0,30.46666666666667,2.386350072111628,31.120833333333334,3.64822519883976,83.38333333333334,10.68221262972542,81.85416666666667,18.2789253600654,5.883333333333333,2.7823850680067346,8.683333333333334,3.98951524424433,6.050000000000001,0.1516575088810315,6.0,0.4413418274938427,255.5,32.22266283223643,219.75,45.16467453759574
30.0,77,0.0,996.6878,8.149847,223,15,5,6,4,0,25.1,26.8,32.2,32.9,56.5,66.1,91.0,78.9,13.9,10.5,3.6,13.7,6.6,6.3,5.9,5.8,298.0,295.0,225.0,223.0,29.1,2.7582603212895824,30.566666666666663,3.5016352287699024,77.0,13.553154614332373,80.3875,18.85759707362806,7.649999999999999,3.93890847824624,8.775,4.085951541562862,6.133333333333334,0.2732520204255919,6.0375000000000005,0.4528292700632763,269.0,29.738863461806996,222.29166666666663,47.81620533619973
29.55,79,0.0,997.3798,6.3690495,222,16,5,6,4,0,22.7,25.1,31.4,30.9,48.1,56.5,88.2,70.8,16.6,13.9,4.4,15.0,6.9,6.6,5.9,6.1,295.0,298.0,243.0,218.0,27.516666666666666,3.2969177524874924,30.141666666666666,3.811414967957589,69.85000000000001,15.817174210332231,79.10416666666666,19.97797655172942,9.816666666666666,4.756223992482554,8.895833333333334,4.276373836371854,6.300000000000001,0.3847076812334323,6.083333333333333,0.4824454613615496,280.6666666666667,21.657946963335927,225.29166666666663,50.06819624634296
29.35,80,0.0,998.274,6.452441,239,17,5,6,4,0,20.5,22.7,30.4,30.6,41.3,48.1,84.5,69.6,18.5,16.6,5.8,15.8,7.1,6.9,6.0,6.5,287.0,295.0,267.0,215.0,25.700000000000003,3.706750598570197,29.70833333333333,4.283427788954605,62.03333333333333,16.508745157239115,77.875,21.3701183085574,12.166666666666666,5.020624131187932,9.041666666666666,4.544840999434949,6.5,0.4427188724235815,6.125,0.5252328676095431,288.0,11.349008767289272,228.16666666666663,51.58923604166195
29.2,80,0.0,998.77026,5.4744864,226,18,5,6,4,0,20.4,20.5,28.7,30.7,41.0,41.3,75.7,68.7,19.7,18.5,7.7,15.7,7.4,7.1,6.1,6.6,274.0,287.0,286.0,208.0,24.03333333333333,3.4068558329737373,29.28333333333333,4.678876367032062,54.78333333333334,14.035443230146528,76.68333333333334,22.61289871745324,14.483333333333334,4.691446116781741,9.204166666666667,4.856056654517531,6.733333333333334,0.4926120853843094,6.1625000000000005,0.5822090615099531,289.1666666666667,8.841191473250422,230.625,52.3348852811516
29.05,82,0.0,998.86804,6.804381,217,19,5,6,4,0,20.7,20.4,26.8,29.7,41.2,41.0,66.1,66.1,19.9,19.7,10.5,14.1,7.4,7.4,6.3,6.3,255.0,274.0,295.0,189.0,22.7,2.7092434368289067,28.86666666666667,4.982636517614627,49.03333333333333,10.330472722323314,75.5375,23.705361941607425,16.516666666666666,3.703196817165728,9.379166666666666,5.166108548630374,6.95,0.4415880433164094,6.195833333333333,0.6293400039562579,284.0,16.661332479727,232.58333333333331,52.33081781086186
28.9,83,0.0,998.4677,8.4963045,216,20,5,6,4,0,21.1,20.7,25.1,28.7,43.0,41.2,56.5,63.8,18.5,19.9,13.9,11.6,7.2,7.4,6.6,5.7,224.0,255.0,298.0,165.0,21.75,1.845806056984456,28.50833333333333,5.223518443303937,45.18333333333334,6.160979359376733,74.575,24.55880697428116,17.849999999999998,2.2642879675517533,9.5625,5.413093024044246,7.100000000000001,0.3098386676966216,6.233333333333333,0.6617937854745284,272.1666666666667,28.378982833545404,234.04166666666663,51.54523481258042
28.65,85,0.0,997.9664,9.299225,222,21,5,6,4,0,21.0,21.1,22.7,27.0,45.2,43.0,48.1,60.1,15.9,18.5,16.6,9.5,6.8,7.2,6.9,5.3,188.0,224.0,295.0,149.0,21.066666666666663,0.8453795991548213,28.1875,5.443089955243227,43.3,2.8439409276564604,73.8,25.1987577333556,18.183333333333334,1.6228575620387335,9.741666666666664,5.552822757815173,7.133333333333334,0.2503331114069503,6.279166666666666,0.661341960263939,253.83333333333331,41.05321749469404,235.0,50.40703884595271
28.4,86,0.0,997.6644,8.587338,236,22,5,6,4,0,20.8,21.0,20.5,26.1,46.8,45.2,41.3,59.6,13.5,15.9,18.5,8.2,6.4,6.8,7.1,5.2,160.0,188.0,287.0,143.0,20.75,0.2738612787534953,27.92916666666667,5.645273449430128,43.083333333333336,2.42356486743519,73.24583333333332,25.655255909795603,17.666666666666668,2.489712165425217,9.908333333333331,5.605037847808191,7.050000000000001,0.3885871845545303,6.324999999999999,0.627798084404979,231.33333333333331,49.99866664888813,235.45833333333331,49.63517263311204
28.25,87,0.0,997.66284,7.587806,247,23,5,6,4,0,20.5,20.8,20.4,25.7,48.3,46.8,41.0,60.1,11.4,13.5,19.7,7.2,6.1,6.4,7.4,5.3,144.0,160.0,274.0,145.0,20.75,0.2738612787534953,27.695833333333336,5.83665174763653,44.25,3.0078231330980003,72.775,26.017707181005065,16.483333333333334,3.4976658883698963,10.041666666666666,5.600692244998681,6.883333333333334,0.5455883674224375,6.3625,0.5829553640903319,207.5,52.19099539192519,235.5,49.55453736957936
